constituency_id,riding_name,Riding Code,province,Region,Subregion,CPC Votes 2019,CPC % 2019,Total Votes 2019,CPC Votes 2021,cpc_pct_2021,Total Votes 2021,CPC Votes 2025,cpc_pct_2025,Total Votes 2025,cpc_change_21_25,cpc_change_19_25,demo_2255,demo_2256,demo_2257,demo_2258
181,Prince George-Peace River-Northern Rockies,59026,BC,BC,RBC,39653,67.92,58386,30822,59.29,51988,41956,71.12,58992,11.83,3.2,22.8,25.6,6.5,5.4
182,Cariboo-Prince George,59004,BC,BC,RBC,31920,53.96,59150,28366,51.33,55262,38175,60.32,63291,8.99,6.36,23.6,22.8,5.8,5.7
183,Kamloops-Shuswap-Central Rockies,59014,BC,BC,RBC,28094,46.32,60654,27094,45.03,60164,35556,52.25,68056,7.22,5.93,24.6,23.1,6.2,4.2
184,Kamloops-Thompson-Nicola,59015,BC,BC,RBC,26007,44.47,58488,24568,43.48,56504,32008,51.54,62102,8.06,7.07,26.1,22.2,5.2,3.3
185,Columbia-Kootenay-Southern Rockies,59007,BC,BC,RBC,29780,45.3,65737,27573,43.75,63030,36081,50.43,71542,6.68,5.13,25.3,22.9,5.7,4.5
186,Similkameen-South Okanagan-West Kootenay,59030,BC,BC,RBC,22863,37.25,61375,22706,37.7,60228,30054,44.06,68216,6.36,6.81,26.4,20.1,6.5,4.6
187,Vernon-Lake Country-Monashee,59041,BC,BC,RBC,26294,45.06,58356,24757,43.68,56681,33850,50.42,67141,6.74,5.36,25.6,21.8,4.7,4.3
188,Kelowna,59016,BC,BC,RBC,22322,43.01,51894,21345,42.01,50807,27620,46.94,58841,4.93,3.93,28.8,18.5,2.6,2.9
189,Okanagan Lake West-South Kelowna,59023,BC,BC,RBC,27606,48.58,56828,26820,48.46,55342,33219,50.92,65234,2.46,2.34,25.9,17.8,3.7,2.8
190,Chilliwack-Hope,59005,BC,BC,RBC,28057,49.19,57036,25434,45.91,55395,36027,54.79,65754,8.88,5.6,25.3,22.1,4.8,4.5
191,North Island-Powell River,59021,BC,BC,VI,23662,33.39,70874,24484,36.29,67473,31356,38.75,80929,2.46,5.36,25.0,20.0,6.1,2.9
192,Skeena-Bulkley Valley,59031,BC,BC,RBC,13756,33.24,41384,13513,36.14,37386,21202,47.19,44932,11.05,13.95,21.4,24.6,5.5,5.1
193,Mission-Matsqui-Abbotsford,59018,BC,BC,FVRD,26293,47.8,55012,24549,47.37,51823,33791,56.7,59599,9.33,8.9,22.9,23.5,5.6,5.5
194,Pitt Meadows-Maple Ridge,59024,BC,BC,FVRD,21168,36.71,57670,20856,37.19,56080,31924,47.41,67333,10.22,10.7,23.2,23.3,2.1,3.5
195,Coquitlam-Port Coquitlam,59008,BC,BC,FVRD,16818,33.51,50184,14436,30.07,48008,24730,42.99,57522,12.92,9.48,24.4,16.2,0.9,3.0
196,Port Moody-Coquitlam,59025,BC,BC,MV,17667,32.03,55152,17067,31.99,53349,25126,40.4,62196,8.41,8.37,23.6,14.7,0.8,2.4
197,West Vancouver-Sunshine Coast-Sea to Sky Country,59043,BC,BC,MV,14415,25.49,56562,16045,28.88,55549,21181,32.97,64247,4.09,7.48,26.5,16.5,2.9,1.8
198,North Vancouver-Capilano,59022,BC,BC,MV,16436,28.29,58088,16334,29.65,55091,21339,33.68,63364,4.03,5.39,23.6,10.9,1.0,1.4
199,Burnaby North-Seymour,59003,BC,BC,MV,12152,21.21,57291,14779,26.58,55603,21742,33.94,64058,7.36,12.73,23.0,12.9,1.1,1.8
200,Burnaby Central,59002,BC,BC,MV,12636,28.69,44037,8858,22.1,40075,19889,38.62,51493,16.52,9.93,25.8,13.2,0.7,2.8
201,New Westminster-Burnaby-Maillardville,59020,BC,BC,MV,11100,21.96,50551,9917,21.04,47134,17507,31.43,55703,10.39,9.47,24.2,15.8,0.9,3.1
202,Vancouver Quadra,59040,BC,BC,MV,14873,28.17,52803,14469,29.29,49407,17008,30.37,55997,1.08,2.2,18.3,6.7,1.0,0.9
203,Vancouver Centre,59035,BC,BC,MV,9729,19.62,49583,10018,21.94,45662,16368,30.28,54061,8.34,10.66,22.6,7.2,0.4,0.8
204,Vancouver Granville,59038,BC,BC,MV,11950,21.09,56666,13053,24.52,53225,17133,28.76,59577,4.24,7.67,21.4,8.8,0.7,1.3
205,Vancouver East,59036,BC,BC,MV,6724,12.09,55611,5399,10.89,49591,10162,17.78,57151,6.89,5.69,23.7,11.0,1.2,2.6
206,Vancouver Kingsway,59039,BC,BC,MV,9800,20.53,47731,6118,14.09,43436,12352,24.49,50446,10.4,3.96,29.6,13.0,1.1,3.8
207,Vancouver Fraserview-South Burnaby,59037,BC,BC,MV,15264,32.36,47168,9536,21.84,43656,18500,35.68,51845,13.84,3.32,28.5,14.6,0.9,3.7
208,Richmond Centre-Marpole,59027,BC,BC,MV,18989,45.37,41856,13277,35.55,37348,23532,49.56,47486,14.01,4.19,29.3,10.9,0.6,2.3
209,Richmond East-Steveston,59028,BC,BC,MV,20344,42.12,48305,15165,34.01,44592,24605,46.38,53055,12.37,4.26,28.7,13.5,1.2,3.3
210,Delta,59011,BC,BC,MV,18990,33.0,57546,18605,33.43,55652,27314,43.15,63293,9.72,10.15,24.1,21.3,2.0,3.5
211,Surrey Centre,59033,BC,BC,MV,9189,24.27,37862,7226,20.54,35188,17920,43.23,41454,22.69,18.96,28.6,25.8,1.5,5.6
212,Surrey Newton,59034,BC,BC,MV,8203,20.39,40238,5317,15.22,34929,18023,43.99,40975,28.77,23.6,28.3,28.0,2.0,6.2
213,Fleetwood-Port Kells,59013,BC,BC,MV,14202,38.72,36677,12168,28.47,42741,21439,44.17,48533,15.7,5.45,27.6,21.0,1.4,6.1
214,Cloverdale-Langley City,59006,BC,BC,FVRD,18614,37.49,49653,17250,36.11,47768,25606,47.8,53566,11.69,10.31,24.9,21.0,1.9,4.3
215,South Surrey-White Rock,59032,BC,BC,FVRD,24066,41.88,57463,23908,42.44,56328,29924,45.67,65527,3.23,3.79,24.3,15.0,1.7,2.3
216,Langley Township-Fraser Heights,59017,BC,BC,FVRD,24214,45.83,52840,22858,43.98,51972,33574,51.37,65360,7.39,5.54,24.0,17.7,2.2,3.2
217,Abbotsford-South Langley,59001,BC,BC,FVRD,24912,48.28,51597,22027,45.47,48447,24116,43.09,55972,-2.38,-5.19,24.0,24.9,5.2,5.8
218,Courtenay-Alberni,59009,BC,BC,VI,22787,32.2,70768,21440,31.35,68379,28028,35.14,79766,3.79,2.94,27.4,20.2,4.6,3.1
219,Cowichan-Malahat-Langford,59010,BC,BC,VI,16959,26.0,65228,17870,28.35,63032,28370,37.24,76174,8.89,11.24,25.7,19.8,3.5,2.6
220,Esquimalt-Saanich-Sooke,59012,BC,BC,GVC,12257,18.77,65308,12691,20.89,60764,21082,28.75,73335,7.86,9.98,24.9,17.3,2.1,1.9
221,Nanaimo-Ladysmith,59019,BC,BC,GVC,16623,25.41,65415,16554,26.52,62425,26381,35.46,74397,8.94,10.05,27.9,19.4,2.8,2.8
222,Saanich-Gulf Islands,59029,BC,BC,GVC,14936,20.47,72967,15969,22.72,70293,20015,25.09,79786,2.37,4.62,23.6,14.8,3.2,1.8
223,Victoria,59042,BC,BC,GVC,9038,12.63,71549,9152,13.71,66748,12870,16.99,75768,3.28,4.36,24.4,9.9,1.5,1.3
224,Calgary Skyview,48014,AB,AB,CGY,23495,63.27,37132,16156,44.8,36063,27808,55.45,50152,10.65,-7.82,26.5,19.4,1.0,3.1
225,Calgary McKnight,48009,AB,AB,CGY,20967,49.82,42083,12706,34.12,37235,20863,49.11,42478,14.99,-0.71,30.4,25.7,1.0,5.0
226,Calgary Nose Hill,48011,AB,AB,CGY,40859,68.52,59635,30031,55.47,54138,36597,59.42,61592,3.95,-9.1,24.5,16.3,1.4,2.4
227,Calgary Crowfoot,48006,AB,AB,CGY,40700,67.93,59914,30771,55.0,55950,39971,58.84,67935,3.84,-9.09,21.2,11.1,1.3,1.8
228,Calgary Signal Hill,48013,AB,AB,CGY,43824,70.22,62408,35185,59.96,58679,41638,60.15,69225,0.19,-10.07,20.9,9.8,1.6,1.6
229,Calgary Confederation,48005,AB,AB,CGY,35064,54.96,63798,27320,45.59,59927,31839,46.25,68839,0.66,-8.71,19.5,11.1,1.6,1.6
230,Calgary Centre,48004,AB,AB,CGY,34107,56.22,60667,27624,50.83,54341,31604,50.21,62946,-0.62,-6.01,23.1,9.2,1.3,1.6
231,Calgary East,48007,AB,AB,CGY,34569,67.13,51497,24093,52.84,45593,32490,60.53,53674,7.69,-6.6,26.9,24.9,1.7,5.8
232,Calgary Heritage,48008,AB,AB,CGY,45651,71.44,63900,34387,58.4,58882,42088,61.45,68493,3.05,-9.99,24.5,14.8,1.5,2.6
233,Calgary Midnapore,48010,AB,AB,CGY,45725,73.87,61903,35629,60.2,59188,48131,65.55,73432,5.35,-8.32,24.7,16.6,1.5,2.4
234,Calgary Shepard,48012,AB,AB,CGY,40248,76.35,52713,31064,61.23,50733,44363,67.99,65249,6.76,-8.36,22.5,17.5,1.4,2.6
235,Edmonton Manning,48018,AB,AB,EDM,25156,56.03,44901,16854,41.09,41016,26445,53.09,49807,12.0,-2.94,25.1,22.5,1.2,3.5
236,Edmonton Northwest,48019,AB,AB,EDM,27687,58.61,47238,19199,42.98,44667,29194,53.44,54626,10.46,-5.17,26.9,20.0,1.1,3.2
237,Edmonton West,48023,AB,AB,EDM,30805,59.78,51527,22585,45.69,49436,31201,52.87,59015,7.18,-6.91,26.0,16.9,1.3,2.5
238,Edmonton Riverbend,48020,AB,AB,EDM,29431,58.7,50138,21795,45.29,48118,30343,50.24,60391,4.95,-8.46,21.1,12.9,1.5,2.2
239,Edmonton Gateway,48016,AB,AB,EDM,25698,57.61,44604,18106,42.89,42216,26385,50.59,52152,7.7,-7.02,24.1,18.5,1.6,3.5
240,Edmonton Southeast,48021,AB,AB,EDM,22701,50.71,44764,15565,37.61,41381,25206,52.88,47664,15.27,2.17,27.4,23.2,1.5,4.4
241,Edmonton Strathcona,48022,AB,AB,EDM,23320,38.28,60927,15036,26.78,56141,19768,33.12,59687,6.34,-5.16,20.9,14.4,1.6,2.4
242,Edmonton Centre,48015,AB,AB,EDM,23026,42.59,54069,16140,32.55,49579,20626,37.9,54428,5.35,-4.69,25.5,17.1,1.4,2.8
243,Edmonton Griesbach,48017,AB,AB,EDM,23989,50.76,47264,15658,36.25,43196,22256,45.45,48966,9.2,-5.31,26.4,22.1,1.5,3.7
244,Fort McMurray-Cold Lake,48025,AB,AB,NRA,40870,79.64,51319,29333,67.68,43343,39649,80.15,49466,12.47,0.51,20.7,28.3,5.4,5.6
245,Peace River-Westlock,48032,AB,AB,NRA,43194,80.11,53917,30465,62.64,48638,41130,77.07,53369,14.43,-3.04,21.5,22.6,11.9,6.1
246,Grande Prairie,48026,AB,AB,NRA,49648,84.82,58535,35381,69.0,51275,47904,81.67,58652,12.67,-3.15,23.6,24.1,9.4,4.8
247,Yellowhead,48037,AB,AB,NRA,45755,72.41,63192,35532,59.91,59307,47863,69.08,69290,9.17,-3.33,26.2,19.9,8.0,4.0
248,Parkland,48031,AB,AB,NRA,51074,80.16,63719,38242,63.13,60576,53468,75.19,71107,12.06,-4.97,21.6,26.5,6.6,4.3
249,Leduc-Wetaskiwin,48028,AB,AB,NRA,45200,78.4,57656,35161,63.64,55254,47947,74.73,64161,11.09,-3.67,21.4,25.4,7.0,3.4
250,Sherwood Park-Fort Saskatchewan,48035,AB,AB,NRA,53600,73.37,73050,41092,57.55,71398,54131,66.32,81627,8.77,-7.05,21.0,20.9,3.0,4.7
251,St. Albert-Sturgeon River,48036,AB,AB,NRA,47971,69.57,68952,37497,56.23,66689,49216,63.95,76961,7.72,-5.62,19.9,21.6,3.8,2.9
252,Lakeland,48027,AB,AB,NRA,48164,83.89,57410,36418,69.4,52474,45826,80.97,56593,11.57,-2.92,21.1,22.6,13.6,4.1
253,Battle River-Crowfoot,48002,AB,AB,SRA,54149,85.55,63293,42577,71.4,59630,53684,82.84,64807,11.44,-2.71,21.1,20.6,16.9,4.8
254,Ponoka-Didsbury,48033,AB,AB,SRA,55015,84.4,65184,41789,68.14,61328,56106,81.81,68579,13.67,-2.59,21.2,22.7,12.3,4.6
255,Red Deer,48034,AB,AB,SRA,45516,76.39,59581,32554,60.27,54016,44239,71.55,61828,11.28,-4.84,26.2,18.6,5.1,5.3
256,Airdrie-Cochrane,48001,AB,AB,SRA,43987,77.02,57113,33975,60.15,56480,50252,71.22,70560,11.07,-5.8,23.5,21.4,2.6,3.1
257,Bow River,48003,AB,AB,SRA,43340,83.72,51767,33329,69.56,47916,44605,78.87,56554,9.31,-4.85,20.1,21.4,12.0,7.9
258,Foothills,48024,AB,AB,SRA,51009,81.22,62805,41887,68.43,61215,54874,76.33,71888,7.9,-4.89,22.2,20.3,8.0,4.1
259,Lethbridge,48029,AB,AB,SRA,40713,65.79,61882,32817,55.65,58973,40866,61.05,66937,5.4,-4.74,24.4,19.3,5.3,5.1
260,Medicine Hat-Cardston-Warner,48030,AB,AB,SRA,42006,80.01,52502,31635,65.83,48059,41518,76.74,54100,10.91,-3.27,24.8,19.4,9.7,4.0
261,Desnethé-Missinippi-Churchill River,47003,SK,PR,RSK,2794,21.95,12729,2181,27.13,8039,2301,25.49,9027,-1.64,3.54,22.6,16.9,5.5,2.4
262,Prince Albert,47005,SK,PR,RSK,27608,65.66,42050,23080,63.83,36159,27763,71.47,38844,7.64,5.81,23.9,18.3,8.7,2.6
263,Carlton Trail-Eagle Creek,47002,SK,PR,RSK,35379,77.27,45785,28724,68.12,42166,36427,77.42,47051,9.3,0.15,19.3,22.7,12.1,3.8
264,Moose Jaw-Lake Centre-Lanigan,47004,SK,PR,RSK,33311,71.6,46526,25909,60.91,42539,32991,71.91,45879,11.0,0.31,21.3,20.1,15.0,3.5
265,Regina-Qu'Appelle,47007,SK,PR,RSK,27808,62.1,44777,22942,60.13,38153,27024,63.97,42244,3.84,1.87,23.9,21.2,6.1,3.7
266,Battlefords-Lloydminster-Meadow Lake,47001,SK,PR,RSK,29221,73.37,39825,23212,66.27,35026,28634,75.78,37787,9.51,2.41,23.3,20.6,13.9,3.5
267,Swift Current-Grasslands-Kindersley,47013,SK,PR,RSK,34718,82.28,42194,27684,72.48,38194,32292,81.98,39388,9.5,-0.3,19.3,17.8,25.9,3.9
268,Souris-Moose Mountain,47012,SK,PR,RSK,37471,83.93,44646,31908,75.95,42010,34793,83.98,41428,8.03,0.05,20.2,20.4,22.0,3.7
269,Yorkton-Melville,47014,SK,PR,RSK,31027,78.03,39765,24857,68.7,36184,28702,77.55,37013,8.85,-0.48,21.8,19.6,19.3,4.1
270,Saskatoon West,47011,SK,PR,SKT,18601,47.71,38990,15383,45.36,33911,19814,52.65,37631,7.29,4.94,28.3,20.7,2.1,5.2
271,Saskatoon-University,47010,SK,PR,SKT,24630,52.09,47287,20487,47.96,42721,23178,48.87,47425,0.91,-3.22,23.7,14.7,2.6,2.7
272,Saskatoon South,47009,SK,PR,SKT,24790,52.59,47141,21244,49.07,43291,24516,49.27,49756,0.2,-3.32,23.8,14.7,2.2,2.5
273,Regina-Lewvan,47006,SK,PR,REG,23471,51.87,45253,18519,46.22,40063,21988,50.01,43969,3.79,-1.86,24.2,15.2,1.6,2.3
274,Regina-Wascana,47008,SK,PR,REG,22407,49.42,45337,19258,49.9,38597,22072,50.08,44077,0.18,0.66,26.3,13.9,1.6,2.4
275,Churchill-Keewatinook Aski,46002,MB,PR,RMB,4780,20.11,23768,4402,24.44,18015,4927,24.07,20469,-0.37,3.96,23.0,19.2,4.9,2.8
276,Riding Mountain,46007,MB,PR,RMB,26586,64.44,41257,23131,59.18,39087,28409,67.85,41873,8.67,3.41,20.5,18.9,16.8,5.9
277,Selkirk-Interlake-Eastman,46009,MB,PR,RMB,30604,62.58,48901,27854,56.95,48910,32788,60.18,54479,3.23,-2.4,20.4,24.7,7.7,3.8
278,Brandon-Souris,46001,MB,PR,RMB,27313,63.64,42917,23693,59.58,39768,28624,62.19,46027,2.61,-1.45,23.7,17.2,10.4,5.9
279,Portage-Lisgar,46005,MB,PR,RMB,29949,70.92,42228,22435,52.15,43018,31889,69.38,45965,17.23,-1.54,20.7,21.1,8.8,8.3
280,Provencher,46006,MB,PR,RMB,28894,66.58,43395,21748,48.31,45015,34364,66.34,51803,18.03,-0.24,18.6,27.3,7.8,5.4
281,Kildonan-St. Paul,46004,MB,PR,WPG,20067,45.36,44244,20719,42.42,48845,26364,47.48,55521,5.06,2.12,22.4,18.8,1.4,4.7
282,Winnipeg North,46011,MB,PR,WPG,6597,21.19,31126,4054,13.49,30048,11740,34.35,34173,20.86,13.16,26.9,21.8,0.9,10.0
283,Elmwood-Transcona,46003,MB,PR,WPG,16268,38.05,42755,11818,28.65,41243,19463,41.56,46830,12.91,3.51,24.7,20.5,1.1,5.6
284,Winnipeg Centre,46010,MB,PR,WPG,5905,17.49,33766,4043,12.76,31687,7658,22.33,34289,9.57,4.84,29.1,15.2,1.1,7.1
285,Winnipeg South Centre,46013,MB,PR,WPG,15437,30.16,51192,13821,28.01,49348,14748,27.73,53178,-0.28,-2.43,24.3,10.4,1.0,2.3
286,St. Boniface-St. Vital,46008,MB,PR,WPG,16302,32.77,49752,13552,28.32,47851,17625,32.33,54520,4.01,-0.44,24.5,14.6,1.2,3.1
287,Winnipeg South,46012,MB,PR,WPG,15244,37.7,40430,13006,32.52,39995,16252,35.09,46319,2.57,-2.61,26.6,12.5,1.0,3.1
288,Winnipeg West,46014,MB,PR,WPG,21295,41.46,51359,20394,40.66,50161,22659,40.76,55591,0.1,-0.7,23.7,15.2,1.6,2.6
289,Kenora-Kiiwetinoong,35045,ON,ON,NON,9424,35.04,26898,10471,43.38,24136,13109,48.75,26892,5.37,13.71,22.4,20.7,4.0,3.0
290,Thunder Bay-Rainy River,35107,ON,ON,NON,12023,29.33,40988,11657,29.29,39800,18685,42.92,43531,13.63,13.59,24.0,20.2,3.9,3.3
291,Thunder Bay-Superior North,35108,ON,ON,NON,11073,25.11,44094,10082,23.84,42286,16267,35.74,45512,11.9,10.63,24.2,18.3,3.3,2.7
292,Kapuskasing-Timmins-Mushkegowuk,35044,ON,ON,NON,10884,24.83,43836,10189,25.02,40720,23062,48.93,47137,23.91,24.1,22.7,21.9,7.8,4.1
293,Sault Ste. Marie-Algoma,35091,ON,ON,NON,18677,31.61,59085,20553,35.76,57477,29208,44.72,65317,8.96,13.11,25.4,20.2,3.3,4.8
294,Sudbury,35103,ON,ON,NON,12171,21.01,57919,15380,27.79,55348,23835,39.18,60839,11.39,18.17,25.4,16.3,3.5,1.9
295,Sudbury East-Manitoulin-Nickel Belt,35104,ON,ON,NON,11119,21.98,50598,13873,26.96,51462,29156,48.33,60323,21.37,26.35,21.3,22.4,7.3,3.2
296,Nipissing-Timiskaming,35073,ON,ON,NON,14248,27.51,51796,16508,31.91,51727,26121,44.59,58576,12.68,17.08,24.7,19.7,3.8,3.2
297,Prescott-Russell-Cumberland,35088,ON,ON,EON,21357,34.77,61422,20021,32.35,61885,28805,40.35,71393,8.0,5.58,19.6,20.8,3.9,2.6
298,Stormont-Dundas-Glengarry,35102,ON,ON,EON,31701,53.4,59361,31730,54.4,58323,37399,56.32,66407,1.92,2.92,22.8,22.2,5.1,7.0
299,Leeds-Grenville-Thousand Islands-Rideau Lakes,35052,ON,ON,EON,28630,48.98,58453,29950,50.53,59276,33437,50.05,66811,-0.48,1.07,23.5,20.8,3.8,5.2
300,Kingston and the Islands,35046,ON,ON,EON,13239,25.45,52018,17617,24.53,71828,23592,30.64,76993,6.11,5.19,25.9,11.9,1.3,2.1
301,Lanark-Frontenac,35051,ON,ON,EON,28500,49.1,58043,29165,49.78,58593,34186,50.41,67813,0.63,1.31,22.2,21.2,3.5,4.1
302,Algonquin-Renfrew-Pembroke,35002,ON,ON,EON,31080,52.72,58957,28967,49.5,58518,37333,55.71,67018,6.21,2.99,23.2,18.9,3.7,4.1
303,Hastings-Lennox and Addington-Tyendinaga,35040,ON,ON,EON,23478,41.64,56379,26596,45.69,58214,36005,54.32,66281,8.63,12.68,22.6,23.7,4.2,5.9
304,Bay of Quinte,35006,ON,ON,EON,21135,36.28,58250,23528,40.47,58142,29130,44.69,65182,4.22,8.41,26.0,17.7,2.7,7.8
305,Peterborough,35086,ON,ON,EON,25012,34.9,71669,28149,39.18,71837,32446,41.04,79059,1.86,6.14,27.1,17.1,2.4,4.1
306,Northumberland-Clarke,35074,ON,ON,EON,24373,39.34,61956,27480,43.97,62504,34862,48.97,71192,5.0,9.63,23.6,20.8,3.9,6.9
307,Haliburton-Kawartha Lakes,35035,ON,ON,EON,31332,48.63,64434,34470,52.0,66293,42701,56.56,75503,4.56,7.93,23.6,24.6,4.3,4.1
308,Parry Sound-Muskoka,35084,ON,ON,EON,22835,41.83,54590,26576,47.96,55408,33742,52.19,64653,4.23,10.36,26.1,25.4,3.2,4.1
309,Simcoe North,35099,ON,ON,CON,24516,42.46,57737,24552,42.11,58301,32241,48.41,66605,6.3,5.95,27.2,20.8,2.3,5.3
310,Barrie-Springwater-Oro-Medonte,35005,ON,ON,CON,23702,40.29,58828,26382,45.85,57535,33949,51.67,65709,5.82,11.38,25.2,19.3,2.4,5.8
311,Barrie South-Innisfil,35004,ON,ON,CON,23765,43.8,54253,25234,47.67,52935,38943,57.84,67325,10.17,14.04,25.3,21.2,1.5,5.8
312,York-Durham,35121,ON,ON,CON,28172,45.76,61561,30709,52.03,59022,40329,55.56,72582,3.53,9.8,23.0,22.0,4.5,3.4
313,New Tecumseth-Gwillimbury,35069,ON,ON,CON,22791,44.87,50792,23491,47.61,49341,39247,59.35,66125,11.74,14.48,22.6,22.1,2.8,6.6
314,Simcoe-Grey,35098,ON,ON,CON,23966,43.2,55476,26909,47.42,56741,35364,52.08,67907,4.66,8.88,25.5,20.4,3.9,5.4
315,Dufferin-Caledon,35025,ON,ON,CON,25784,43.01,59944,28295,49.15,57565,42458,60.14,70595,10.99,17.13,22.8,21.9,3.1,5.4
316,Bruce-Grey-Owen Sound,35016,ON,ON,SWO,26830,46.13,58161,28727,49.18,58414,35484,53.03,66911,3.85,6.9,23.6,23.1,7.0,6.8
317,Huron-Bruce,35042,ON,ON,SWO,29512,48.49,60867,31170,50.93,61197,37027,53.16,69657,2.23,4.67,21.4,21.2,11.1,8.2
318,Perth-Wellington,35085,ON,ON,SWO,25627,46.34,55303,26989,48.55,55587,33972,53.01,64092,4.46,6.67,20.3,21.3,10.4,10.7
319,Haldimand-Norfolk,35034,ON,ON,SWO,28018,46.75,59926,29664,47.39,62592,41218,57.56,71606,10.17,10.81,21.6,24.8,6.8,9.0
320,Brantford-Brant South-Six Nations,35015,ON,ON,SWO,22767,40.35,56423,22405,40.27,55636,34501,52.44,65793,12.17,12.09,24.3,20.7,2.6,10.6
321,Oxford,35083,ON,ON,SWO,28406,47.89,59320,28203,46.76,60310,38191,53.38,71551,6.62,5.49,21.9,22.1,6.3,11.8
322,Middlesex-London,35059,ON,ON,SWO,24931,43.49,57326,26451,45.92,57606,36093,51.67,69847,5.75,8.18,21.1,18.0,5.7,5.1
323,Elgin-St. Thomas-London South,35027,ON,ON,SWO,26853,50.0,53705,26996,49.23,54841,32565,50.14,64949,0.91,0.14,22.3,22.9,4.4,8.5
324,Sarnia-Lambton-Bkejwanong,35090,ON,ON,SWO,34498,49.82,69252,32140,46.71,68807,40597,53.15,76389,6.44,3.33,24.2,21.3,5.2,6.2
325,Chatham-Kent-Leamington,35021,ON,ON,SWO,30664,48.01,63876,27561,42.42,64978,41612,57.51,72351,15.09,9.5,24.2,21.3,7.4,9.2
326,Orléans,35077,ON,ON,OTT,20661,27.9,74041,19450,28.54,68160,22072,28.01,78803,-0.53,0.11,20.2,10.2,0.6,1.0
327,Ottawa-Vanier-Gloucester,35081,ON,ON,OTT,12402,18.1,68535,12883,20.62,62490,14633,21.46,68183,0.84,3.36,22.8,9.7,0.7,1.1
328,Ottawa South,35080,ON,ON,OTT,15875,24.81,63976,15888,26.87,59130,18010,27.06,66564,0.19,2.25,23.9,11.1,0.6,1.4
329,Ottawa Centre,35079,ON,ON,OTT,10453,13.27,78748,12102,16.3,74261,12692,15.6,81338,-0.7,2.33,17.3,6.1,0.6,0.7
330,Ottawa West-Nepean,35082,ON,ON,OTT,18035,26.06,69210,17742,27.65,64168,18517,27.05,68445,-0.6,0.99,25.0,9.6,0.9,1.3
331,Nepean,35067,ON,ON,OTT,20968,33.17,63222,19874,33.29,59707,24017,33.25,72237,-0.04,0.08,21.4,9.7,0.7,1.1
332,Kanata,35043,ON,ON,OTT,23635,34.8,67922,23042,36.37,63354,26557,35.67,74460,-0.7,0.87,19.2,8.5,0.7,1.5
333,Carleton,35020,ON,ON,OTT,34135,48.82,69924,37333,52.33,71347,39333,45.7,86060,-6.63,-3.12,18.3,14.4,2.4,1.2
334,Bowmanville-Oshawa North,35008,ON,ON,DUR,24346,40.43,60225,24627,44.68,55117,35232,49.77,70788,5.09,9.34,24.3,17.8,1.5,4.2
335,Oshawa,35078,ON,ON,DUR,24087,38.86,61983,22409,39.71,56425,32131,48.17,66700,8.46,9.31,26.9,20.6,1.4,4.5
336,Whitby,35116,ON,ON,DUR,19719,34.41,57307,17742,34.39,51596,29620,43.82,67594,9.43,9.41,23.9,14.6,1.1,3.6
337,Ajax,35001,ON,ON,DUR,15864,26.0,61020,13237,26.6,49758,25658,39.08,65650,12.48,13.08,23.7,14.9,0.7,4.0
338,Pickering-Brooklin,35087,ON,ON,DUR,18162,28.98,62665,19137,34.16,56022,29320,41.16,71232,7.0,12.18,23.0,14.7,1.4,2.9
339,Markham-Thornhill,35057,ON,ON,YRK,17105,33.68,50787,11664,26.33,44306,21003,41.65,50429,15.32,7.97,26.3,12.0,0.7,6.8
340,Markham-Stouffville,35056,ON,ON,YRK,17020,31.06,54797,16920,34.61,48886,27898,45.26,61644,10.65,14.2,23.6,11.5,0.9,3.5
341,Markham-Unionville,35058,ON,ON,YRK,24310,49.39,49224,17810,42.53,41872,27055,50.65,53414,8.12,1.26,23.3,7.7,0.4,3.2
342,Richmond Hill South,35089,ON,ON,YRK,23818,43.41,54865,19125,38.75,49352,30615,52.26,58584,13.51,8.85,23.7,10.1,0.6,2.9
343,Aurora-Oak Ridges-Richmond Hill,35003,ON,ON,YRK,23326,43.43,53709,19798,42.1,47025,34023,54.73,62169,12.63,11.3,23.2,11.4,1.0,2.7
344,Newmarket-Aurora,35068,ON,ON,YRK,21268,37.88,56145,19269,38.18,50472,31540,50.62,62312,12.44,12.74,24.6,14.1,1.4,4.6
345,Thornhill,35106,ON,ON,YRK,31628,55.35,57142,26939,51.83,51977,44419,66.38,66918,14.55,11.03,21.5,9.4,0.5,2.9
346,King-Vaughan,35047,ON,ON,YRK,14884,20.49,72636,20264,44.98,45048,41682,61.53,67747,16.55,41.04,22.3,15.6,1.5,3.9
347,Vaughan-Woodbridge,35113,ON,ON,YRK,20348,36.61,55579,20419,40.13,50880,40422,60.01,67355,19.88,23.4,23.9,17.1,0.8,4.4
348,Scarborough-Guildwood-Rouge Park,35094,ON,ON,TOR,11880,21.19,56068,11163,22.19,50300,17485,31.68,55185,9.49,10.49,24.9,13.8,0.6,4.9
349,Scarborough North,35095,ON,ON,TOR,13286,27.45,48397,7232,18.05,40064,15487,33.14,46732,15.09,5.69,28.1,14.4,0.4,9.3
350,Scarborough-Agincourt,35092,ON,ON,TOR,18320,36.83,49743,12589,29.16,43168,21732,42.84,50733,13.68,6.01,25.9,12.2,0.5,6.1
351,Scarborough Centre-Don Valley East,35093,ON,ON,TOR,11548,24.23,47661,10324,25.31,40792,18307,38.07,48088,12.76,13.84,27.0,14.8,0.8,4.8
352,Scarborough Southwest,35096,ON,ON,TOR,11280,20.59,54777,9655,20.5,47103,16652,30.57,54476,10.07,9.98,25.9,14.2,0.7,4.2
353,Scarborough-Woburn,35097,ON,ON,TOR,10022,22.54,44460,8781,22.41,39189,14291,34.13,41868,11.72,11.59,28.1,14.4,0.5,6.8
354,Don Valley North,35023,ON,ON,TOR,17404,36.75,47359,13491,32.38,41665,20546,42.34,48527,9.96,5.59,21.6,8.9,0.4,2.8
355,Don Valley West,35024,ON,ON,TOR,15674,27.09,57867,15725,30.19,52090,19480,33.21,58664,3.02,6.12,22.4,9.6,0.5,2.2
356,Willowdale,35117,ON,ON,TOR,16452,36.18,45470,13916,33.86,41104,20977,43.99,47689,10.13,7.81,21.5,8.2,0.3,2.4
357,York Centre,35120,ON,ON,TOR,15852,36.71,43186,13949,37.85,36858,26110,54.83,47619,16.98,18.12,24.4,15.6,0.7,6.8
358,York South-Weston-Etobicoke,35122,ON,ON,TOR,9399,21.2,44327,8666,22.42,38651,17746,39.79,44599,17.37,18.59,26.2,21.8,0.9,6.7
359,Humber River-Black Creek,35041,ON,ON,TOR,6164,16.24,37958,5599,17.4,32187,13745,35.8,38398,18.4,19.56,26.8,20.0,0.7,12.3
360,Etobicoke Centre,35029,ON,ON,TOR,21586,33.39,64655,20199,34.2,59065,29713,44.01,67510,9.81,10.62,22.3,13.9,0.6,3.0
361,Etobicoke North,35031,ON,ON,TOR,10018,22.88,43790,9237,25.32,36486,17359,40.98,42355,15.66,18.1,26.0,20.5,0.8,9.1
362,Etobicoke-Lakeshore,35030,ON,ON,TOR,17517,28.98,60447,18016,32.5,55437,25348,38.8,65338,6.3,9.82,21.9,12.9,0.6,2.7
363,Eglinton-Lawrence,35026,ON,ON,TOR,18549,33.12,56004,17393,36.48,47676,29061,47.83,60761,11.35,14.71,21.8,9.7,0.5,3.0
364,Taiaiako'n-Parkdale-High Park,35105,ON,ON,TOR,8830,13.34,66180,7554,13.28,56867,12662,19.39,65313,6.11,6.05,21.4,8.7,0.5,1.9
365,Davenport,35022,ON,ON,TOR,6054,9.94,60909,5860,10.85,54001,14189,23.19,61174,12.34,13.25,23.7,14.0,0.8,3.1
366,Toronto-St. Paul's,35111,ON,ON,TOR,14865,22.24,66853,15886,26.82,59241,23700,33.11,71581,6.29,10.87,19.0,5.8,0.5,1.2
367,University-Rosedale,35112,ON,ON,TOR,10481,15.68,66822,9320,17.89,52107,14624,23.49,62265,5.6,7.81,19.2,5.0,0.5,1.0
368,Toronto Centre,35109,ON,ON,TOR,8003,12.55,63745,6129,12.66,48406,12321,20.91,58922,8.25,8.36,22.1,6.0,0.3,1.1
369,Spadina-Harbourfront,35100,ON,ON,TOR,9674,19.36,49967,7602,22.09,34409,16286,30.73,52990,8.64,11.37,17.8,4.6,0.2,0.7
370,Toronto-Danforth,35110,ON,ON,TOR,6094,10.49,58081,6550,12.56,52162,11187,19.0,58881,6.44,8.51,20.8,8.3,0.5,1.7
371,Beaches-East York,35007,ON,ON,TOR,8023,14.06,57056,7333,14.44,50796,13830,23.54,58755,9.1,9.48,21.2,9.7,0.6,2.2
372,Brampton East,35011,ON,ON,PEL,11222,24.19,46395,10848,28.57,37973,21731,44.71,48605,16.14,20.52,22.2,22.9,0.3,9.2
373,Brampton North-Caledon,35012,ON,ON,PEL,12327,29.22,42181,12180,33.15,36744,22105,47.44,46595,14.29,18.22,20.9,23.3,0.7,7.5
374,Brampton-Chinguacousy Park,35010,ON,ON,PEL,12271,27.07,45330,11999,31.0,38708,19591,44.44,44080,13.44,17.37,22.4,24.2,0.6,9.3
375,Brampton Centre,35009,ON,ON,PEL,11410,27.68,41223,10894,31.48,34608,19105,46.87,40760,15.39,19.19,23.2,22.7,0.8,7.8
376,Brampton West,35014,ON,ON,PEL,8266,23.28,35500,8615,27.72,31079,21112,49.81,42387,22.09,26.53,21.6,21.6,0.4,6.6
377,Brampton South,35013,ON,ON,PEL,11018,26.6,41424,10402,29.38,35404,21193,47.51,44603,18.13,20.91,23.2,20.9,0.5,7.3
378,Mississauga-Streetsville,35066,ON,ON,PEL,19301,33.58,57486,16993,34.36,49458,27241,44.86,60731,10.5,11.28,22.3,13.9,0.7,3.6
379,Mississauga-Malton,35065,ON,ON,PEL,13363,26.35,50712,13213,30.72,43008,21202,42.18,50268,11.46,15.83,24.4,17.1,0.5,7.0
380,Mississauga East-Cooksville,35062,ON,ON,PEL,17286,32.82,52670,14572,31.62,46079,24112,44.61,54056,12.99,11.79,24.8,17.8,0.6,5.6
381,Mississauga Centre,35061,ON,ON,PEL,15867,29.96,52962,13387,28.85,46406,23010,41.85,54976,13.0,11.89,23.4,13.2,0.3,4.8
382,Mississauga-Erin Mills,35063,ON,ON,PEL,18277,32.28,56612,16406,33.49,48982,24000,39.97,60039,6.48,7.69,22.2,11.7,0.5,3.6
383,Mississauga-Lakeshore,35064,ON,ON,PEL,23236,37.18,62496,22145,38.6,57374,29416,44.04,66797,5.44,6.86,23.4,14.8,0.9,3.5
384,Wellington-Halton Hills North,35115,ON,ON,WWR,24424,42.24,57828,26450,46.84,56474,33736,50.62,66646,3.78,8.38,21.6,18.3,4.3,6.2
385,Guelph,35033,ON,ON,WWR,11635,18.61,62515,13506,23.42,57671,20470,30.74,66593,7.32,12.13,21.5,14.9,1.6,11.1
386,Kitchener-Conestoga,35049,ON,ON,WWR,20929,38.38,54528,20220,37.61,53759,29479,47.48,62087,9.87,9.1,21.5,17.7,4.5,7.6
387,Waterloo,35114,ON,ON,WWR,14681,24.12,60878,15521,27.38,56684,20571,32.55,63193,5.17,8.43,21.6,10.1,1.1,5.5
388,Kitchener Centre,35048,ON,ON,WWR,13310,24.11,55209,12772,24.88,51344,20234,34.25,59084,9.37,10.14,23.0,16.4,1.1,9.5
389,Kitchener South-Hespeler,35050,ON,ON,WWR,17480,33.47,52233,17649,35.54,49654,28973,47.94,60431,12.4,14.47,23.0,17.3,1.0,9.6
390,Cambridge,35019,ON,ON,WWR,16937,29.75,56922,18379,34.12,53868,31766,48.56,65419,14.44,18.81,23.9,19.9,1.8,10.7
391,Milton East-Halton Hills South,35060,ON,ON,HTN,22469,40.76,55129,21060,41.06,51295,32157,48.22,66685,7.16,7.46,23.6,14.7,1.4,3.8
392,Burlington North-Milton West,35018,ON,ON,HTN,22089,36.98,59736,20375,36.71,55508,31172,44.25,70441,7.54,7.27,23.4,11.7,1.2,3.3
393,Oakville East,35075,ON,ON,HTN,20213,39.5,51173,19344,39.47,49010,27301,44.85,60872,5.38,5.35,21.9,8.7,1.0,2.3
394,Oakville West,35076,ON,ON,HTN,20392,38.07,53571,19150,38.39,49878,26668,44.41,60043,6.02,6.34,23.8,9.4,0.8,2.6
395,Burlington,35017,ON,ON,HTN,23930,33.24,71985,25742,37.25,69100,31686,40.56,78126,3.31,7.32,24.9,13.5,1.4,3.7
396,Hamilton West-Ancaster-Dundas,35039,ON,ON,HMT,17759,26.86,66127,18849,29.12,64718,25547,36.78,69464,7.66,9.92,23.0,12.6,1.3,3.8
397,Hamilton Centre,35036,ON,ON,HMT,8322,15.59,53367,8209,16.47,49837,17079,29.99,56952,13.52,14.4,25.8,16.9,1.3,6.8
398,Hamilton Mountain,35038,ON,ON,HMT,14763,25.88,57051,13235,25.1,52733,24857,41.5,59893,16.4,15.62,26.7,17.7,1.3,6.6
399,Hamilton East-Stoney Creek,35037,ON,ON,HMT,15716,27.43,57300,16421,30.04,54658,32857,48.7,67468,18.66,21.27,25.8,19.4,0.9,7.3
400,Flamborough-Glanbrook-Brant North,35032,ON,ON,HMT,23610,42.92,55008,23443,44.09,53166,35246,52.7,66884,8.61,9.78,21.8,18.6,4.0,4.8
401,Niagara West,35072,ON,ON,NGR,26641,43.57,61141,27489,44.02,62447,36418,51.72,70413,7.7,8.15,23.3,18.3,4.8,4.9
402,St. Catharines,35101,ON,ON,NGR,19694,31.43,62659,19739,32.38,60963,27013,40.43,66810,8.05,9.0,30.3,16.2,2.3,4.7
403,Niagara South,35071,ON,ON,NGR,21363,33.35,64063,22004,33.43,65816,36702,47.81,76763,14.38,14.46,28.5,20.1,2.6,5.7
404,Niagara Falls-Niagara-on-the-Lake,35070,ON,ON,NGR,18464,34.27,53871,20126,37.4,53811,29774,49.14,60595,11.74,14.87,34.3,15.9,2.4,4.0
405,London-Fanshawe,35054,ON,ON,LON,13770,24.78,55575,12486,24.28,51422,23749,40.58,58523,16.3,15.8,26.9,20.4,1.3,9.2
406,London Centre,35053,ON,ON,LON,12708,20.96,60619,13967,24.75,56425,18633,31.09,59923,6.34,10.13,26.3,12.9,1.4,5.4
407,London West,35055,ON,ON,LON,17398,29.66,58660,19195,34.18,56153,23239,37.0,62808,2.82,7.34,25.6,13.1,1.0,3.7
408,Windsor West,35119,ON,ON,WES,9925,19.1,51962,9415,19.34,48693,21412,39.01,54888,19.67,19.91,26.5,16.2,1.3,10.4
409,Windsor-Tecumseh-Lakeshore,35118,ON,ON,WES,17610,28.88,60980,16477,26.94,61167,32090,45.75,70138,18.81,16.87,24.0,17.3,1.2,11.8
410,Essex,35028,ON,ON,WES,27873,41.56,67063,28167,40.97,68752,46123,57.52,80181,16.55,15.96,21.5,20.0,3.2,8.9
411,Côte-Nord-Kawawachikamach-Nitassinan,24021,QC,QC,ONQ,7771,19.24,40388,7640,21.83,35000,9365,25.19,37183,3.36,5.95,24.3,22.3,3.4,5.7
412,Jonquière,24030,QC,QC,ONQ,10458,21.11,49541,12986,28.32,45851,15314,30.25,50629,1.93,9.14,24.5,20.1,2.8,5.6
413,Chicoutimi-Le Fjord,24018,QC,QC,ONQ,17687,35.73,49496,19164,40.38,47462,17356,34.14,50839,-6.24,-1.59,24.9,18.0,2.2,4.6
414,Lac-Saint-Jean,24033,QC,QC,ONQ,10700,22.42,47733,11199,25.24,44364,11792,24.69,47756,-0.55,2.27,25.7,20.5,5.0,5.8
415,Abitibi-Baie-James-Nunavik-Eeyou,24001,QC,QC,ONQ,5240,16.55,31656,4508,15.85,28434,6850,22.41,30561,6.56,5.86,23.6,20.5,5.6,3.6
416,Abitibi-Témiscamingue,24002,QC,QC,ONQ,7537,15.03,50155,5339,11.69,45685,9861,19.68,50115,7.99,4.65,22.2,22.0,7.2,4.0
417,Saint-Maurice-Champlain,24070,QC,QC,ONQ,9542,16.34,58414,10139,18.0,56337,15321,24.62,62240,6.62,8.28,25.2,20.6,2.9,6.7
418,Berthier-Maskinongé,24012,QC,QC,ONQ,5989,10.28,58275,6197,10.92,56767,10641,17.18,61956,6.26,6.9,22.9,23.6,4.2,8.3
419,Joliette-Manawan,24029,QC,QC,ONQ,4768,8.88,53689,4922,9.47,51975,8721,15.24,57229,5.77,6.36,24.7,21.2,2.3,5.4
420,Laurentides-Labelle,24036,QC,QC,ONQ,3796,7.91,48017,4923,10.49,46930,7900,14.91,52983,4.42,7.0,28.3,20.2,3.7,2.9
421,Les Pays-d'en-Haut,24039,QC,QC,ONQ,4863,8.81,55180,6406,11.65,54987,11816,17.98,65703,6.33,9.17,24.0,21.3,1.5,3.8
422,Argenteuil-La Petite-Nation,24005,QC,QC,ONQ,6572,12.58,52226,7081,13.5,52450,14697,24.81,59233,11.31,12.23,22.5,22.7,2.8,4.4
423,Pontiac-Kitigan Zibi,24057,QC,QC,ONQ,9260,17.71,52300,11312,21.43,52795,16221,27.6,58773,6.17,9.89,18.7,16.4,2.7,1.8
424,Gatineau,24025,QC,QC,ONQ,5932,10.18,58264,6056,11.06,54762,10982,19.13,57399,8.07,8.95,24.5,14.8,0.8,1.4
425,Hull-Aylmer,24028,QC,QC,ONQ,4783,9.17,52169,5219,10.79,48383,8727,16.95,51487,6.16,7.78,22.7,10.5,1.0,1.1
426,Gaspésie-Les Îles-de-la-Madeleine-Listuguj,24024,QC,QC,ECQ,4330,7.68,56415,4399,8.24,53390,7047,12.37,56984,4.13,4.69,25.8,17.6,6.0,6.0
427,Rimouski-La Matapédia,24062,QC,QC,ECQ,4064,7.55,53828,5507,11.18,49249,7324,13.55,54040,2.37,6.0,24.2,17.0,4.8,3.6
428,Côte-du-Sud-Rivière-du-Loup-Kataskomiq-Témiscouata,24020,QC,QC,ECQ,22446,37.25,60253,25703,44.9,57244,28873,45.84,62992,0.94,8.59,22.8,19.6,6.4,9.5
429,Bellechasse-Les Etchemins-Lévis,24010,QC,QC,ECQ,30634,51.31,59698,30373,52.07,58330,32097,49.08,65398,-2.99,-2.23,22.1,18.4,3.4,7.2
430,Beauce,24006,QC,QC,ECQ,22860,38.47,59429,27514,48.29,56980,37604,59.71,62982,11.42,21.24,21.5,22.2,5.0,10.5
431,Mégantic-L’Érable-Lotbinière,24046,QC,QC,ECQ,27456,50.13,54771,30443,56.76,53639,34470,58.79,58635,2.03,8.66,21.8,22.1,7.0,10.9
432,Lévis-Lotbinière,24040,QC,QC,ECQ,25882,42.45,60974,30274,49.59,61047,33312,47.71,69821,-1.88,5.26,22.3,16.1,1.7,4.5
433,Portneuf-Jacques-Cartier,24058,QC,QC,ECQ,25128,44.36,56645,29780,52.36,56880,32184,49.56,64941,-2.8,5.2,21.0,18.0,2.3,4.6
434,Montmorency-Charlevoix,24051,QC,QC,ECQ,4602,8.86,51931,17453,33.69,51805,20494,34.5,59407,0.81,25.64,23.4,18.8,2.4,3.2
435,Louis-Saint-Laurent-Akiawenhrahk,24044,QC,QC,QCC,27122,44.9,60403,30863,52.11,59232,29525,44.86,65817,-7.25,-0.04,22.5,13.5,0.6,2.4
436,Charlesbourg-Haute-Saint-Charles,24016,QC,QC,QCC,23802,38.39,61999,26932,44.84,60068,27698,42.44,65266,-2.4,4.05,25.0,14.8,0.5,2.4
437,Beauport-Limoilou,24008,QC,QC,QCC,16150,27.2,59366,17482,30.43,57457,18492,30.11,61418,-0.32,2.91,25.8,13.0,0.8,2.8
439,Louis-Hébert,24043,QC,QC,QCC,10617,17.97,59075,13873,24.39,56890,12164,20.12,60445,-4.27,2.15,22.1,7.8,0.5,1.6
440,Trois-Rivières,24075,QC,QC,SQMR,15240,25.17,60538,17053,29.35,58110,16708,27.25,61317,-2.1,2.08,27.9,15.1,0.9,4.8
441,Bécancour-Nicolet-Saurel-Alnôbak,24009,QC,QC,SQMR,8434,16.11,52337,8404,16.81,50007,11717,21.57,54318,4.76,5.46,21.9,22.0,5.2,7.8
442,Richmond-Arthabaska,24061,QC,QC,SQMR,26553,45.28,58638,28513,49.88,57159,22206,35.5,62546,-14.38,-9.78,22.8,20.4,4.7,10.0
443,Sherbrooke,24072,QC,QC,SQMR,6192,10.55,58670,7318,12.81,57141,7983,13.1,60931,0.29,2.55,25.1,12.5,1.3,5.9
444,Compton-Stanstead,24019,QC,QC,SQMR,8585,14.52,59118,10259,17.44,58840,14292,21.78,65620,4.34,7.26,22.1,18.5,4.2,6.8
445,Brome-Missisquoi,24014,QC,QC,SQMR,7697,12.53,61441,9961,16.2,61471,13743,19.1,71952,2.9,6.57,24.0,18.6,4.4,6.6
446,Shefford,24071,QC,QC,SQMR,7495,12.3,60913,7234,12.13,59626,11404,17.12,66631,4.99,4.82,24.2,19.4,3.6,10.0
447,Saint-Hyacinthe-Bagot-Acton,24066,QC,QC,SQMR,8062,14.42,55914,7166,13.51,53031,10431,17.99,57986,4.48,3.57,22.0,20.8,5.1,9.4
448,Drummond,24023,QC,QC,SQMR,9083,16.57,54824,9179,17.93,51189,12790,22.74,56239,4.81,6.17,23.4,21.1,3.0,9.3
449,Pierre-Boucher-Les Patriotes-Verchères,24055,QC,QC,SQMR,4910,8.08,60783,4870,8.82,55246,7375,11.81,62426,2.99,3.73,20.9,16.7,1.5,3.9
450,Mont-Saint-Bruno-L’Acadie,24049,QC,QC,SQMR,15899,31.58,50344,6061,9.71,62388,9335,13.68,68251,3.97,-17.9,22.5,12.9,0.8,2.9
451,Beloeil-Chambly,24011,QC,QC,SQMR,3900,6.1,63945,5037,8.37,60172,9199,13.52,68052,5.15,7.42,22.4,16.5,1.4,3.8
452,Saint-Jean,24067,QC,QC,SQMR,6612,10.69,61875,7544,12.74,59210,10480,16.32,64215,3.58,5.63,23.6,20.2,2.1,5.1
453,Longueuil-Saint-Hubert,24042,QC,QC,SQMR,3797,6.33,59959,3982,6.94,57337,8447,14.28,59138,7.34,7.95,23.1,14.2,0.6,3.4
454,Longueuil-Charles-LeMoyne,24041,QC,QC,SQMR,3816,7.38,51716,3991,8.3,48101,8547,16.79,50900,8.49,9.41,26.4,15.6,0.7,4.3
455,Brossard-Saint-Lambert,24015,QC,QC,SQMR,6112,10.79,56652,6276,11.99,52356,11076,18.86,58739,6.87,8.07,26.2,9.3,0.4,2.8
456,La Prairie-Atateken,24032,QC,QC,SQMR,5540,9.0,61551,5878,9.94,59136,11505,17.23,66761,7.29,8.23,23.0,16.0,0.7,3.5
457,Châteauguay-Les Jardins-de-Napierville,24017,QC,QC,SQMR,6646,11.48,57885,6586,12.19,54031,13538,21.66,62501,9.47,10.18,22.7,21.8,3.6,4.6
458,Beauharnois-Salaberry-Soulanges-Huntingdon,24007,QC,QC,SQMR,5786,9.28,62372,7131,11.83,60273,13230,19.37,68314,7.54,10.09,23.3,23.3,3.4,6.1
459,Vaudreuil,24076,QC,QC,SQMR,7338,11.61,63188,9853,16.47,59810,16179,22.85,70818,6.38,11.24,25.2,16.0,1.3,3.8
460,Mirabel,24047,QC,QC,SQMR,4545,9.06,50172,6541,13.34,49042,12544,22.26,56359,8.92,13.2,23.4,21.2,2.1,4.8
461,Rivière-du-Nord,24064,QC,QC,SQMR,6448,11.85,54407,6173,12.05,51236,12203,21.03,58018,8.98,9.18,26.1,22.0,1.3,6.0
462,Montcalm,24050,QC,QC,SQMR,4521,7.01,64479,5685,11.67,48695,13589,23.22,58519,11.55,16.21,23.0,25.0,2.1,5.1
463,Repentigny,24060,QC,QC,SQMR,4517,7.36,61397,4941,8.84,55873,9583,15.21,63015,6.37,7.85,24.3,18.5,0.9,3.6
464,Terrebonne,24073,QC,QC,SQMR,4400,7.51,58573,5879,10.46,56208,10961,18.18,60278,7.72,10.67,24.1,18.8,1.0,4.2
465,Thérèse-De Blainville,24074,QC,QC,SQMR,5504,8.98,61312,6077,11.04,55029,12019,18.66,64397,7.62,9.68,25.2,15.1,0.8,4.1
466,Rivière-des-Mille-Îles,24063,QC,QC,SQMR,4637,8.05,57608,5377,10.2,52701,10398,17.36,59887,7.16,9.31,24.7,16.9,0.9,4.2
467,La Pointe-de-l'Île,24031,QC,QC,MTL,3981,7.17,55508,3426,6.71,51058,6781,12.74,53209,6.03,5.57,26.1,16.0,0.5,4.5
468,Hochelaga-Rosemont-Est,24026,QC,QC,MTL,2424,4.51,53756,2266,4.68,48369,5402,10.56,51147,5.88,6.05,24.8,10.2,0.4,2.6
469,Rosemont-La Petite-Patrie,24065,QC,QC,MTL,1405,2.33,60206,2199,4.0,54988,4073,6.85,59420,2.85,4.52,20.5,7.5,0.5,2.1
470,Laurier-Sainte-Marie,24037,QC,QC,MTL,1797,3.42,52497,2013,4.5,44695,4796,9.15,52401,4.65,5.73,21.0,5.0,0.4,1.5
471,Outremont,24053,QC,QC,MTL,2863,6.05,47301,3070,7.38,41626,5911,12.54,47142,5.16,6.49,21.0,5.7,0.6,2.6
472,Ville-Marie-Le Sud-Ouest-Île-des-Soeurs,24077,QC,QC,MTL,3927,9.29,42260,5135,12.97,39583,9113,18.78,48519,5.81,9.49,20.6,5.8,0.3,1.7
473,Notre-Dame-de-Grâce-Westmount,24052,QC,QC,MTL,5804,10.79,53800,6552,13.33,49169,10517,19.66,53490,6.33,8.87,21.5,7.1,0.4,2.3
474,LaSalle-Émard-Verdun,24035,QC,QC,MTL,3902,7.17,54428,3755,7.65,49080,7456,13.82,53953,6.17,6.65,24.0,11.2,0.5,3.1
475,Honoré-Mercier,24027,QC,QC,MTL,4885,9.61,50859,5162,10.55,48906,10692,21.48,49780,10.93,11.87,27.7,13.9,0.7,4.3
476,Bourassa,24013,QC,QC,MTL,2899,7.18,40351,2587,7.0,36932,5905,16.31,36202,9.31,9.13,28.7,14.9,0.7,7.6
477,Saint-Léonard-Saint-Michel,24069,QC,QC,MTL,5305,11.99,44231,4260,10.48,40660,8457,20.59,41066,10.11,8.6,31.0,14.2,0.6,6.4
478,Ahuntsic-Cartierville,24003,QC,QC,MTL,3698,6.98,53005,3924,8.13,48274,7600,15.03,50577,6.9,8.05,23.2,10.3,0.4,4.5
479,Papineau,24054,QC,QC,MTL,2157,4.25,50794,2199,4.84,45435,4927,10.57,46619,5.73,6.32,25.0,10.0,0.8,5.9
480,Saint-Laurent,24068,QC,QC,MTL,7320,17.33,42250,7225,18.31,39451,12477,28.24,44185,9.93,10.91,26.0,10.1,0.4,5.4
481,Mount Royal,24048,QC,QC,MTL,11072,24.34,45487,10047,24.06,41758,20244,40.47,50028,16.41,16.13,24.0,8.0,0.4,5.6
482,Dorval-Lachine-LaSalle,24022,QC,QC,MTL,5332,10.54,50581,5533,11.91,46462,10428,20.68,50420,8.77,10.14,26.6,15.5,0.6,5.1
483,Lac-Saint-Louis,24034,QC,QC,MTL,9083,15.26,59525,10911,18.9,57725,15203,23.67,64242,4.77,8.41,24.2,9.7,0.8,3.0
484,Pierrefonds-Dollard,24056,QC,QC,MTL,9797,17.66,55471,10893,20.83,52306,17453,30.55,57136,9.72,12.89,26.2,11.7,0.7,4.7
485,Laval-Les Îles,24038,QC,QC,MTL,8816,16.34,53961,8963,17.71,50597,18355,32.25,56916,14.54,15.91,28.8,14.5,0.6,3.7
486,Vimy,24078,QC,QC,MTL,5533,11.15,49620,6358,13.86,45868,12278,24.72,49677,10.86,13.57,28.8,13.6,0.3,4.3
487,Marc-Aurèle-Fortin,24045,QC,QC,MTL,5424,9.72,55823,6121,11.74,52132,11923,20.71,57563,8.97,10.99,25.0,13.7,0.6,3.4
488,Alfred-Pellan,24004,QC,QC,MTL,6334,10.52,60217,7458,13.26,56245,12671,21.0,60331,7.74,10.48,25.8,15.0,0.9,3.6
489,Acadie-Bathurst,13001,NB,ATL,RNB,10586,21.34,49597,6087,13.74,44288,12541,25.99,48248,12.25,4.65,26.5,19.8,5.9,6.8
490,Madawaska-Restigouche,13005,NB,ATL,RNB,12035,29.8,40385,9873,27.53,35865,16320,39.63,41178,12.1,9.83,26.6,18.1,4.6,7.9
491,Beauséjour,13002,NB,ATL,RNB,9401,17.56,53539,9511,19.38,49068,19862,33.31,59631,13.93,15.75,22.4,19.8,3.1,7.1
492,Miramichi-Grand Lake,13006,NB,ATL,RNB,13675,37.43,36532,15567,45.96,33868,18421,48.15,38257,2.19,10.72,23.1,20.6,6.1,6.0
493,Fundy Royal,13004,NB,ATL,RNB,19241,44.39,43345,18116,46.44,39010,25411,53.37,47611,6.93,8.98,27.1,21.7,3.8,3.6
494,Saint John-St. Croix,13009,NB,ATL,RNB,21611,46.66,46319,20210,47.15,42864,26591,53.08,50092,5.93,6.42,23.6,19.2,5.2,6.1
495,Tobique-Mactaquac,13010,NB,ATL,RNB,18685,52.02,35916,17212,52.97,32494,23322,58.79,39667,5.82,6.77,21.9,22.0,5.6,5.5
496,Moncton-Dieppe,13007,NB,ATL,UNB,10523,22.82,46107,9220,22.6,40789,14974,31.22,47958,8.62,8.4,32.5,13.5,1.1,2.8
497,Fredericton-Oromocto,13003,NB,ATL,UNB,13489,28.88,46703,14193,33.88,41886,16200,32.29,50169,-1.59,3.41,24.9,10.2,1.3,1.4
498,Saint John-Kennebecasis,13008,NB,ATL,UNB,15354,37.12,41366,13688,36.34,37668,16787,37.33,44967,0.99,0.21,28.8,13.2,1.3,3.5
499,Sydney-Glace Bay,12011,NS,ATL,RNS,13941,30.34,45948,14159,34.2,41396,17978,38.12,47166,3.92,7.78,30.8,15.5,2.6,2.8
500,Cape Breton-Canso-Antigonish,12002,NS,ATL,RNS,14317,30.86,46389,15028,35.02,42915,20870,43.23,48278,8.21,12.37,22.6,20.0,8.8,4.2
501,Central Nova,12003,NS,ATL,RNS,13302,29.41,45230,13352,32.96,40504,21465,42.75,50213,9.79,13.34,23.2,22.5,4.4,5.3
502,Cumberland-Colchester,12004,NS,ATL,RNS,16219,35.69,45450,18601,46.02,40417,22701,45.83,49530,-0.19,10.14,25.5,19.2,4.8,7.2
503,Kings-Hants,12008,NS,ATL,RNS,23438,42.15,55600,14702,30.23,48641,19773,33.41,59179,3.18,-8.74,23.1,21.3,5.0,5.8
504,South Shore-St. Margarets,12010,NS,ATL,RNS,12877,29.67,43396,18105,43.47,41652,20864,41.14,50711,-2.33,11.47,23.6,18.4,7.9,8.3
505,Acadie-Annapolis,12001,NS,ATL,RNS,17056,39.84,42816,20636,51.35,40186,23024,47.67,48298,-3.68,7.83,25.0,17.0,8.6,6.8
506,Sackville-Bedford-Preston,12009,NS,ATL,HRM,11710,22.0,53235,12368,24.85,49767,18860,32.41,58190,7.56,10.41,24.9,15.9,1.1,2.2
507,Dartmouth-Cole Harbour,12005,NS,ATL,HRM,9848,16.79,58655,1530,3.04,50328,13557,22.73,59634,19.69,5.94,28.0,15.4,0.7,2.1
508,Halifax West,12007,NS,ATL,HRM,8886,18.05,49226,9796,21.5,45563,15020,27.22,55184,5.72,9.17,26.1,13.6,0.9,1.6
509,Halifax,12006,NS,ATL,HRM,5906,11.45,51563,6038,12.7,47535,9939,19.05,52160,6.35,7.6,24.4,9.3,1.0,1.2
510,Cardigan,11001,PEI,ATL,PEI,6326,29.11,21733,6693,30.92,21644,9442,37.38,25261,6.46,8.27,20.2,18.3,10.7,4.2
511,Charlottetown,11002,PEI,ATL,PEI,4040,20.29,19910,5932,31.06,19100,6139,29.11,21089,-1.95,8.82,30.5,11.9,2.1,2.9
512,Malpeque,11004,PEI,ATL,PEI,5725,25.66,22315,7642,33.23,22994,9846,36.63,26883,3.4,10.97,20.9,19.1,8.2,4.5
513,Egmont,11003,PEI,ATL,PEI,7230,33.89,21336,6406,30.91,20722,10419,43.4,24008,12.49,9.51,23.0,18.7,11.6,9.3
514,Labrador,10004,NL,ATL,RNL,3548,31.09,11411,2914,30.34,9605,4709,41.73,11284,11.39,10.64,22.4,27.0,6.8,3.9
515,Long Range Mountains,10005,NL,ATL,RNL,10873,28.3,38426,14344,39.36,36447,23232,50.35,46143,10.99,22.05,24.7,20.5,5.6,3.8
516,Central Newfoundland,10003,NL,ATL,RNL,12081,35.34,34182,14927,46.89,31834,21975,54.08,40636,7.19,18.74,23.6,22.3,7.7,4.7
517,Terra Nova-The Peninsulas,10007,NL,ATL,RNL,13429,38.97,34458,12939,40.47,31975,19605,47.96,40875,7.49,8.99,21.2,25.0,7.8,8.5
518,Avalon,10001,NL,ATL,STJ,12143,30.58,39709,11788,33.09,35621,16953,36.05,47030,2.96,5.47,23.3,22.6,3.4,3.7
519,Cape Spear,10002,NL,ATL,STJ,8160,19.56,41714,7179,20.27,35423,11844,25.75,45988,5.48,6.19,26.9,15.0,1.6,2.1
520,St. John's East,10006,NL,ATL,STJ,7728,17.82,43370,6676,18.06,36963,11941,25.93,46051,7.87,8.11,26.3,11.7,1.6,1.4
521,Yukon,60001,YK,TR,YK,6881,32.74,21017,5096,26.26,19406,8719,38.52,22636,12.26,5.78,20.1,18.2,3.0,1.7
522,Northwest Territories,61001,NT,TR,NT,4157,25.52,16291,2031,14.41,14095,5513,33.31,16549,18.9,7.79,19.5,18.2,2.7,1.7
523,Nunavut,62001,NU,TR,NU,2469,26.12,9454,1184,16.47,7189,1992,26.02,7657,9.55,-0.1,21.6,18.2,1.7,1.5
